YBR297W	YMR021C	YPL177C	YMR042W	YML099C	YIL101C	YJR147W	YGR249W	YER045C	YHL027W	YER190W	YPL265W	YER189W	YBR086C	YOL157C	YJR054W	YCR021C	YMR172CA	YJR094C	YIR020C	YMR173W	YKR042W	YDL246C	YBR298C	YJL221C	YDL245C	YPL198W	YPL078C	YJL219W	YMR319C	YFL023W	YOR258W	YJR101W	YHL029C	YHR193C	YPR197C	YFR005C	YCR107W	YBL043W	YPR123C	YOR280C	YFL024C	YCR105W	YAR050W	YMR135WA	YBL029W	YHR194W	YPL111W	YFL066C	YDR276C
0.0865671	1.0000000	0.1497450	1.0000000	1.0000000	0.0454282	0.9993325	0.6753060	0.9912224	1.0000000	0.7428094	0.9992916	0.9998608	0.4213780	0.4960283	0.7357792	0.0504392	0.4543613	0.9765578	0.9901694	0.9152921	0.6183820	0.9993615	0.0412435	0.1775082	0.9982775	0.9174900	0.9870739	0.0254279	0.4222237	0.0836278	0.3355046	0.7310425	0.8200947	0.9999561	0.6618883	0.9538402	0.5893946	0.4963460	0.9997459	0.4061497	0.7858835	0.7769055	0.0587051	0.9758625	0.6159898	0.7810866	0.9262032	0.2988310	0.9062252
